Head Admin,headadmin@admin.com,fZxVM1XYl,3598934211,TRUE
Kakalina Kitching,kkitching1@skype.com,MsrjfFR6Z,5341950214,TRUE
Randie Olanda,rolanda2@umn.edu,3flFs6RO5,8911388032,FALSE
Carlita Kimmings,ckimmings3@opensource.org,fhMlFr9B5,8792941850,TRUE
Basile Horning,bhorning4@nasa.gov,pv8fXNOuh,5487893902,TRUE
Phil Darton,pdarton5@craigslist.org,DhiN0WZ80,7221916712,TRUE
Luciano McIlheran,lmcilheran6@phoca.cz,moezXd0qr,8914962584,TRUE
Katha Penswick,kpenswick7@tinypic.com,1xeqxHFOf,6650014739,FALSE
Ginevra Carlick,gcarlick8@yale.edu,ZbJeVcV2Y,4101020224,FALSE
Everett Fraser,efraser9@booking.com,0W2CleTPI,1065273523,FALSE
Regan Hinkins,rhinkinsa@people.com.cn,fYLIIWpsa,1790149794,TRUE
Paolina Boulter,pboulterb@hao123.com,lSnEhnMkW,3899873094,TRUE
Rick Strooband,rstroobandc@about.com,r6iLXeoIs,5133840388,TRUE
Vassily Yukhnev,vyukhnevd@webs.com,7UkoGIghL,3142607313,FALSE
Rivkah Manilo,rmaniloe@wiley.com,tgeSamLMJ,9834569120,TRUE
Melosa Kingaby,mkingabyf@youtu.be,0HutEJYZX,4443097370,TRUE
Ferris MacRannell,fmacrannellg@tinypic.com,9xPIdX7Fy,923239555,FALSE
Culley Hurleston,churlestonh@mapquest.com,KNn2Og9lI,9974819322,FALSE
Ax Weed,aweedi@e-recht24.de,INygdngYH,1632849495,FALSE
Bartholemy Martinovic,bmartinovicj@admin.ch,pZrQKb3xX,8129788795,TRUE
Daren Edinborough,dedinboroughk@mozilla.org,gf6DNSS6X,797418780,TRUE
Wyatan Bagenal,wbagenall@constantcontact.com,b7bNZeElk,3805608374,FALSE
Elane Wingeatt,ewingeattm@gravatar.com,5mhLzIxgB,4013906544,TRUE
Anneliese Linskill,alinskilln@hexun.com,GkPaVeSlt,3416195309,FALSE
Neda Meekins,nmeekinso@squidoo.com,EdiqtjpSt,9751740430,FALSE
Evania Blazevic,eblazevicp@timesonline.co.uk,EsOjiR3zJ,205639420,TRUE
Kori Doore,kdooreq@ustream.tv,exvZRMmsE,2282001630,TRUE
Graeme Thunnerclef,gthunnerclefr@paypal.com,E4Ggsif5t,8467949918,TRUE
Nady Seeks,nseekss@va.gov,0ieV3fZCF,2280330892,FALSE
Sayre Galbreth,sgalbretht@topsy.com,R2jDPywCL,8487166648,TRUE
Penny Bill,pbillu@japanpost.jp,yiMoa7JUD,24555846,TRUE
Nowell Insall,ninsallv@hibu.com,JP842TKz1,4356491775,TRUE
Alika Kerbey,akerbeyw@go.com,MuCwTRf9r,5294925127,FALSE
Desiri Niese,dniesex@sbwire.com,L3oZZCiyd,5960924056,TRUE
Car Shotboulte,cshotboultey@wired.com,LEfGpYr9k,490252700,FALSE
Kare Christofides,kchristofidesz@digg.com,ibHE4QWyy,3474393037,FALSE
Cori Reide,creide10@prnewswire.com,7kcj9hc09,2374801361,TRUE
Michel Dyment,mdyment11@sphinn.com,mImMVtA83,1760057066,FALSE
Ulrick Giorgi,ugiorgi12@ocn.ne.jp,Q5ussUioW,6824714017,FALSE
Price Stoneham,pstoneham13@naver.com,cA3NaNH2v,9169323502,FALSE
Levon Tattershall,ltattershall14@4shared.com,ZDuRZ6m4s,9272406595,TRUE
Northrup Greensitt,ngreensitt15@huffingtonpost.com,0TirdswYW,616971636,TRUE
Kris Semechik,ksemechik16@altervista.org,pVFPOV7js,889474666,FALSE
Lesley Dieton,ldieton17@ameblo.jp,i08JYnJ1I,645375977,FALSE
Findlay Syalvester,fsyalvester18@parallels.com,XuJ9ihkS5,1769948363,TRUE
Sutton Balling,sballing19@shareasale.com,0yqpsxoUj,1688323781,TRUE
Blayne Baguley,bbaguley1a@kickstarter.com,kzz9ptz5O,5170585002,TRUE
Hugibert Travers,htravers1b@bandcamp.com,IoiE6bNNM,3514785767,TRUE
Franni Bastistini,fbastistini1c@yellowbook.com,jtM9Y4pwD,8256885823,FALSE
Mohammed Adlington,madlington1d@soup.io,CnSLKzIHF,2425132351,TRUE
